,Judul,Isi KOnten
0,Fahri Hamzah Vs Rommy PPP Debat Panas soal Pengkhianatan,Fahri Hamzah berdebat dengan Rommy PPP soal pengkhianatan. Perdebatan itu diawali Rommy yang menyinggung Fahri mengajak Jokowi berkhianat dengan PDIP.
1,"MotoGP Mandalika 2023 Dinilai Sukses, Putaran Uang Capai Rp 914 M",MotoGP Mandalika 2023 berakhir dan disebut-sebut sukses di sektor ekonomi kreatif. Perputaran uang di ajang itu mencapai ratusan miliar rupiah.
2,Peluang Ridwan Kamil Maju di Pilpres 2024,Mantan Gubernur Jabar Ridwan Kamil masih mencuat sebagai calon wakil presiden (cawpres). Pengamat pun menilai tokoh dari Jabar berpeluang di level nasional.
3,"Diinisiasi Pelaku Ekraf, 24 Oktober Resmi Jadi Hari Ekonomi Kreatif Nasional",Menparekraf Sandiaga Salahuddin Uno menandatangani Kepmen tentang Hekrafnas. Kepmen tersebut menetapkan Hekrafnas diperingati setiap 24 Oktober.
4,Nama-nama Keris Pusaka yang Diberikan ke 3 Jawara MotoGP Mandalika 2023,Tiga pebalap jawara MotoGP Mandalika 2023 diberi keris pusaka hasil karya pengrajin dari Lombok. Masing-masing keris itu ternyata memiliki nama tersendiri.
5,Sandiaga: 'Pinjam Dulu Seratus' Bikin MotoGP Mandalika Jadi Ramai,"MotoGP Mandalika 2023 memang telah usai. Namun ada yang membekas dari gelaran kali ini, salah satunya adalah dari kelakuan pembalap MotoGP yang nyeleneh."
6,"Survei Ipsos Gelar Simulasi, Paslon Ganjar-Sandi Ungguli Prabowo-Gibran",Lembaga survei internasional Ipsos Public Affairs mengungkapkan hasil jajak pendapat terbaru yang dilakukan pada Oktober 2023.
7,"Hari Ekonomi Kreatif Diresmikan, Diharapkan Jadi Lebarannya Sektor Ekraf",Hari Ekonomi Kreatif Nasional diresmikan. Perayaan ini akan digelar setiap tahun dan disebut sebagai lebarannya sektor ekonomi kreatif.
8,"MotoGP Mandalika 2023 Patut Diacungi Jempol, Tembus 100.000 Penonton",Menparekraf Sandiaga Uno mengapresiasi penyelenggaraan MotoGP Mandalika 2023 yang disaksikan lebih dari 100.000 penonton.
9,Fahri Hamzah Vs Rommy PPP Debat Panas soal Pengkhianatan,Fahri Hamzah berdebat dengan Rommy PPP soal pengkhianatan. Perdebatan itu diawali Rommy yang menyinggung Fahri mengajak Jokowi berkhianat dengan PDIP.
10,"Diinisiasi Pelaku Ekraf, 24 Oktober Resmi Jadi Hari Ekonomi Kreatif Nasional",Menparekraf Sandiaga Salahuddin Uno menandatangani Kepmen tentang Hekrafnas. Kepmen tersebut menetapkan Hekrafnas diperingati setiap 24 Oktober.
11,"Survei Ipsos Gelar Simulasi, Paslon Ganjar-Sandi Ungguli Prabowo-Gibran",Lembaga survei internasional Ipsos Public Affairs mengungkapkan hasil jajak pendapat terbaru yang dilakukan pada Oktober 2023.
12,Yusril Dinilai Bisa Dulang Suara Pemilih Muslim untuk Prabowo,"Direktur Riset Parameter Strategi Indonesia, Tri Yudha Haryanto menilai jika dipasangkan dengan Prabowo, sosok Yusril bisa mendulang suara pemilih muslim."
13,Respons Sandiaga soal Projo Dukung Prabowo di 2024,Ketua Bappilu Partai Persatuan Pembangunan (PPP) Sandiaga Uno angkat bicara perihal deklarasi dukungan relawan Pro-Jokowi (Projo) kepada Prabowo Subianto.
14,Sandiaga Beberkan Strategi Pemenangan di Depan Kader PPP NTB,"Sandiaga Uno menghadiri acara silaturahmi tokoh, pengurus, hingga kader PPP di NTB. Sandiaga membeberkan strategi pemenangan partai."
15,Cawapres Ganjar Mengerucut ke 1 Nama? Hasto PDIP: Sudah Siap Diputuskan,Sekjen PDIP Hasto Kristiyanto mengatakan nama cawapres pendamping Ganjar Pranowo sudah siap diputuskan. Sudah mengerucut ke satu nama?
16,Luhut Ngaku Telat Bersyahadat & Sandiaga Nyaris Kencing di Celana,"Punya banyak akal dan serba bisa. Demikian kesimpulan yang bisa dipetik dari kesaksian para sahabat, kolega, dan keluarga terdekatnya tentang sosok Luhut."
17,Visi Sandiaga di Pilpres 2024: Ciptakan Lapangan Kerja dan Harga Pangan Murah,Sandiaga Uno menyampaikan visinya untuk ekonomi menuju Indonesia Emas 2045. Sandiaga fokus pencipataan lapangan kerja hingga harga bahan pokok terjangkau.
18,Awal Mula TikTok Shop Dikecam Sampai Dilarang Pemerintah RI,"TikTok Shop dilarang, pemerintah baru-baru ini menegaskan untuk tidak boleh mencampur media sosial dengan kegiatan jual beli. Berikut ini rekap isu tersebut."
19,Mengupas Kriteria yang Cocok Jadi Menkominfo Baru,Jabatan Menkominfo kosong setelah Johnny G Plate terjerat dugaan korupsi BTS 4G. Pengamat kebijakan publik menilai penggantinya harus dari kalangan profesional.
20,Pengganti Menkominfo Dinilai Harus Jauh dari Kepentingan Bisnis,Menkominfo Johnny G Plate ditahan sebagai tersangka kasus dugaan korupsi BTS 4G Bakti Kominfo. Calon Menkominfo baru harus jauh dari kepentingan bisnis semata.
21,Pesan Sandiaga ke Gamer dan Tim Esports: Jangan Lupa Main Game Lokal,"Sandiaga Uno memberikan dukungan kepada tim yang bertanding di grand final FFML Season 7. Ia juga mengingatkan, agar gamer dan tim esports main game lokal."
22,6 Bakal Cawapres Paling Ramai Diperbincangkan di Medsos,"Pengamat menganalisis enam bakal cawapres di medsos. Ada Erick Thohir, Sandiaga Uno, Muhaimin Iskandar, Agus Harimurti, Khofifah Indar, dan Susi Pudjiastuti."
23,"Landmark Indonesia Ada di PUBG Mobile, Dari Monas Sampai Borobudur","PUBG Mobile menghadirkan lima landmark pariwisata Indonesia lewat kompetisi Winner Winner jadi Arsitek #1, yang merupakan bagian dari pembaruan versi 2.5."
24,House of TikTokers by DCT Agency Resmikan Kantor Pusat di BSD City,Sinar Mas Land melalui Digital Hub menyambut baik kehadiran kantor pusat DCT Agency yang dinamakan dengan House of TikTokers berlokasi di Digital Loft BSD City.
25,Rangkaian Program GoTo untuk Wujudkan Digitalisasi UMKM di Indonesia,GoTo berkomitmen menjadi andalan mitra usaha di berbagai daerah untuk mengembangkan usahanya.
26,"Bersama Kemenparakraf, GoTo Digitalisasi UMKM-Masifkan Lapangan Kerja",Shinto menjelaskan kerja sama GoTo dan Kemenparekraf sekaligus menjadi salah satu bentuk nyata kemitraan yang konkret dan berkelanjutan.
27,"Sebut MotoGP Mandalika Sukses, Bamsoet: Buktikan Kualitas Indonesia",Ketua Umum Ikatan Motor Indonesia (IMI) Bambang Soesatyo turut menghadiri Grid Ceremony MotoGP Pertamina Grand Prix of Indonesia 2023.
28,Kenang-kenangan Keris buat Para Juara MotoGP Indonesia 2023,"Pertamina Grand Prix of Indonesia 2023 sudah selesai. Tiga pebalap teratas: Francesco Bagnaia, Maverick Vinales, dan Fabio Quartararo dihadiahi suvenir keris."
29,"Erick Thohir & Sandiaga Buka MotoGP Mandalika 2023, Ganjar di Tribune","Erick Thohir, Sandiaga Uno, dan Ganjar Pranowo hadir di MotoGP Mandalika 2023. Erick dan Sandiaga ikut upacara pembukaan, sedangkan Ganjar muncul di tribune."
30,"Rayakan Hari Pariwisata Dunia, Buleleng Gelar Turnamen Golf",Sport tourism memang lagi gencar digalakkan di penjuru Indonesia saat ini. Salah satunya di Buleleng yang jadi venue turnamen golf ini.
31,"Sandiaga Uno Dukung Brasil, Sayangnya Kalah","Menparekraf RI Sandiaga Uno hadir langsung menyaksikan tim favoritnya di Indonesia Arena, GBK. Sayangnya, tim Brasil yang diunggulkannya kalah dari Spanyol."
32,Ada Lomba Lari dengan Konsep Kelestarian Bumi,"Lomba lari kini tidak hanya sekadar mencari kesehatan. Tapi, bisa juga menjadi momen untuk menjaga kelestarian bumi."
33,"Indonesia Arena Diresmikan, Panpel Optimis Gelar FIBA World Cup Terbaik","Ketua Pelaksana FIBA Basketball World Cup 2023, Budisatrio Djiwandodo mengaku peresmian Indonesia Arena menjadi momentum penyemangat para panitia pelaksana."
34,"PRSI Ubah Nama Jadi Akuatik Indonesia, Punya Logo Baru",Persatuan Renang Seluruh Indonesia (PRSI) resmi berganti nama jadi Akuatik Indonesia. Federasi juga punya logo baru.
35,Piala Presiden Esports 2023: Momen Munculnya Atlet Top,"Piala Presiden Esports kembali bergulir di tahun 2023. Ajang ini diawali dengan seremoni Kick-off, Selasa, 18 Juli 2023."
36,JIS dan Akses Transportasi Umum yang Belum Terwujud,Pengamat sepakbola Mohamad Kusnaeni menilai transportasi umum menjadi isu yang paling krusial dalam polemik Jakarta International Stadium (JIS).
37,Sandiaga: Semoga Wonderful Indonesia Bisa Kolaborasi sama MU,"Menteri Pariwisata Sandiaga Uno pakai jersey Manchester United dan curi perhatian. Usut punya usut, dirinya mau bikin kolaborasi Wonderful Indonesia dengan MU!"
38,Sandiaga Tetap Jagokan Jerman di Piala Dunia 2022 Meski Kalah dari Jepang,Menparekraf Sandiaga Uno turut merasakan euforia gelaran Piala Dunia 2022. Ia mengaku menjagokan Jerman di piala dunia tahun ini.
39,Alhamdulillah... Akhirnya Mesut Oezil Salat di Masjid Istiqlal,"Mesut Oezil akhirnya datangi Masjid Istiqlal untuk laksanakan salat. Sudah kerap kali, Oezil mem-posting masjid terbesar di Indoensia itu pada media sosialnya."
40,"AHHA PS Pati Diluncurkan, Ini Tanggapan Menteri Sandiaga Uno",AHHA PS Pati baru saja resmi diluncurkan. Menteri Pariwisata dan Ekonomi Kreatif (Menparekraf) Sandiaga Uno menyambut hangat klub milik Atta Halilintar itu.
41,Ada Baiknya Shopee Liga 1 2021 Bergulir di Kaltim,Shopee Liga 1 2021 belum dipastikan kapan dan di mana bakal bergulir. Muncul usulan agar kompetisi digelar di daerah Kalimantan Timur (Kaltim).
42,"Menangi Gugatan, PT PBH Minta Pembangunan Stadion BMW Disetop",PT BP memenangi gugatan di PTUN atas sengketa SHP Taman BMW. Mereka meminta Gubernur DKI Jakarta Anies Baswedan menghentikan proyek pembangunan Stadion BMW.
43,Harapan Ismed Sofyan untuk Presiden 2019-2024,Indonesia tak lama lagi akan menggelar pemilihan Presiden. Ismed Sofyan mengutarakan harapannya untuk presiden di periode 2019-2024.
44,Debat Capres di Mata Skuat Timnas U-22: Lucu dan Seru,"Pemain Tim nasional Indonesia U-22, Marinus Wanewar, ikut menyaksikan debat capres 2019. Menurutnya, debat semalam lucu sekaligus seru."
45,"Doakan Luhut Cepat Sembuh, Bahlil: Opung Seorang Pekerja Keras!",Menteri Investasi Bahlil Lahadalia mengatakan Menko Kemaritiman dan Investasi Luhut Binsar Pandjaitan masih dirawat di rumah sakit.
46,"Sandiaga Buka-bukaan Kondisi Luhut: Sempat Kelelahan, Kini Sudah Pulih",Sandiaga memastikan saat ini kondisi Luhut sudah semakin sehat dan diharapkan bisa kembali bertugas dalam waktu dekat.
47,Menhub: Kami Bangun Tak Hanya Infrastruktur tapi Juga Integrasi Antarmoda,"Dalam mensosialisasikan penggunaan moda transportasi umum, Kemenhub menggelar acara Hub Space yang dilaksanakan pada 29 September - 1 Oktober 2023."
48,"Airlangga hingga Sandiaga Merapat ke Istana, Rapat Soal PSN",Menteri-menteri Jokowi merapat ke Istana untuk membahas proyek strategis nasional (PSN).
49,Sandiaga Ungkap Rencana BUMN InJourney Kelola Tourism Fund Rp 1 T,PT Aviasi Pariwisata Indonesia selaku holding BUMN pariwisata dan aviasi di Indonesia bakal mendapatkan tugas baru mengelola dana abadi pariwisata.
50,"RI Bakal Punya Dana Abadi Pariwisata Rp 1 T, Begini Rencananya",Menteri Pariwisata dan Ekonomi Kreatif Sandiaga Uno mengungkapkan rencana besar pembentukan tourism fund alias dana abadi pariwisata.
51,"Dukung UMKM Kuasai Pasar Global,  Zulhas: Kita Promosikan ke Seluruh Dunia",Kemendag mempromosikan UMKM lewat 50 atase perdagangan yang tersebar di seluruh dunia. Langkah itu dilakukan agar mereka bisa menguasai pasar luar negeri.
52,"Inacraft 2023, Zulhas: Kita Dorong UMKM Kuasai Pasar Dalam Negeri-Ekspor",Menteri Perdagangan RI Zulkifli Hasan (Zulhas) mendukung penyelenggaraan International Handicraft Trade Fair (Inacraft) 2023.
53,Zulhas Bersama Menteri Kabinet Indonesia Maju Temani Jokowi Buka Inacraft,"Presiden Joko Widodo resmi membuka International Handicraft Trade Fair (Inacraft) 2023 di Jakarta Convention Center (JCC), Jakarta, hari ini."
54,"Suara Merdu Novia, Olivia dan Mirabeth Sambut Jokowi di Hub Space X KAI Expo 2023","Presiden Joko Widodo datang langsung melihat Hub Space X KAI Expo 2023 di JCC, Jumat (29/9/2023). Suara merdu Novia Bachmid, Olivia, dan Mirabeth menyambutnya."
55,Lihat Lagi Momen Haru Sandiaga Uno Lepas Putrinya ke Jenjang Pernikahan,"Putri pertama Menparekraf Sandiaga Uno, Atheera Anneesha Uno, telah menikah dengan Panji Bagas Dwiprakoso di New York. Lihat lagi momennya di video berikut..."
56,Hotman Paris Blak-blakan Soal Amplop Kondangan Rp 1 M hingga Balik Modal,Hotman Paris blak-blakan soal amplop kondangan Rp 1 M hingga balik modal. Seperti apa?
57,Terima Kasih Hotman Paris ke 7 Menteri dan 2 Gubernur yang Datang ke Nikahan Anak,Ungkapan terima kasih Hotman Paris untuk tamu undangan yang datang ke acara nikahan anaknya.
58,Top! Mischka-Devon Pembicara Termuda di ASEAN Future Generation Business Forum,Prestasi lain yang didapatkan Mischka dan Devon.
59,"Musikal Ken Dedes Siap Pentas Lagi, Sandiaga Uno Buat Pantun Spesial",Pertunjukan musikal Ken Dedes ciptaan EKI Dance Company siap dihelat pada September 2023.
60,Ini Penyebab Coldplay Cuma Gelar Konser Sehari di Indonesia,Menparekraf Sandiaga Uno mengungkap penyebab Coldplay hanya menggelar konser sehari di Indonesia. Rupanya hal ini disebabkan oleh faktor perizinan.
61,Gebrakan Baru dari Farel Prayoga,"Berita kali ini datang dari Farel Prayoga, apa ya?"
62,"Funtasix 2023 Sukses Digelar, Sandiaga Uno Kasih Apresiasi",Jakarta saat ini penuh dengan banyak gelaran musik. Namun tidak semua acara itu mampu menyajikan suguhan beda dan menarik.
63,"Makan Sate di Sukabumi, Anies Baswedan Terpikat Kelezatan Racikan H. Mamat",Anies Baswedan tak melewatkan cicip kuliner enak saat mengunjungi Sukabumi. Ia mampir ke warung sate legendaris dan bahkan coba bakar sate sendiri!
64,Catat! Ini 5 Tempat Makan Rekomendasi Erick Thohir hingga Presiden Jokowi,Rekomendasi tempat makan dari politisi hingga presiden bisa jadi pilihan tempat makan yang enak. Ada rekomendasi dari Erick Thohir hingga Presiden Jokowi.
65,"Heboh! Minuman Nabidz Disebut 'Wine Halal', Ini 4 Faktanya",Viral di media sosial produk minuman yang diklaim sebagai 'wine halal'. Minuman terbuat dari fermentasi anggur tersebut pun menuai kritik. Ini fakta-faktanya!
66,Hajatan Internasional Pelaku Usaha Makanan Digelar di JIEXPO Kemayoran,Food & Hotel Indonesia 2023 dibuka pada 25-28 Juli 2023 di JIEXPO. Gelaran ini jadi hajatan besar bagi pelaku usaha makanan dan penyedia jasa produk industri.
67,"Rafael SM*SH Dijuluki Duta Seblak, Sandiaga Uno Bilang Begini","Rafael Tan atau Rafael SM*SH viral karena seblak cobek kreasinya hingga ia dijuluki Duta Seblak oleh netizen. Melihat fenomena ini, begini kata Sandiaga Uno."
68,Momen Gibran Makan Bareng Zayyan XODIAC di Resto Bakso Korea,"Gibran Rakabuming Raka, Walikota Surakarta diketahui berkunjung ke Korea Selatan. Gibran bertemu dengan Zayyan XODIAC. Mereka makan bersama di restoran bakso."
69,Berkantor di Kawasan SCBD? Wajib Mampir di 5 Tempat Makan Siang Enak Ini,"Kawasan SCBD terkenal dengan kemewahannya, termasuk di keliling restoran. Namun, ada beberapa tempat makan yang terjangkau langganan karyawan untuk makan siang."
70,"Sandiaga Uno Cicip Nasi Goreng dan Sop Buntut di Korea, Ini Komentarnya",Sandiaga Uno diketahui mengunjungi Korea Selatan beberapa waktu lalu. Momennya menikmati nasi goreng dan sop buntut dibagikan oleh YouTuber Korea Reomit.
71,"5 Rekomendasi Soto Banjar Enak di Jakarta, Cobain Yuk!",Soto ayam di Indonesia ternyata banyak ragamnya. Salah satu yang bisa dicoba Soto Banjar berkuah gurih sedap berempah dengan suwiran ayam kampung.
72,Peluang Investasi Pasca UNCCC,"Bagi seorang pebisnis, UNCCC yang berlangsung di Nusa Dua, Bali, mendatangkan ilham bisnis. Setidaknya, itulah pengakuan Ketua Umum Himpunan Pengusaha Muda Indonesia, Sandiaga Uno."
73,Ada Banyak Peluang Investasi Pasca UNCCC,"Bagi seorang pebisnis, UNCCC yang berlangsung di Nusa Dua, Bali, mendatangkan ilham bisnis. Setidaknya, itulah pengakuan Ketua Umum HIPMI Sandiaga Uno."
74,"Jelang Munas Kadin, Bakal Calon Ketum Road Show ke Jatim","Menjelang Munas Kamar Dagang dan Industri (Kadin), kadindat calon ketua umum Kadin mulai menggelar road show mencari dukungan hingga ke tingkat kadin daerah."
75,200 Pemuda Gelorakan Sumpah Pemuda 2.0 di Gedung Merdeka,Sekitar 200 pemuda penggerak perubahan akan menggelar Indonesian Young Changemakers Summit (IYCS) di Gedung Merdeka mulai hari ini hingga Senin (13/2/2012). Konferensi pertama ini mengambil tema 'Sumpah Pemuda 2.0'
76,"Banyak Koperasi 'Papan Nama', Kementerian Koperasi Dihapus Saja","Wakil Ketua Umum Kadin Sandiaga Uno menyatakan kini banyak koperasi yang hanya sekedar 'papan nama'. Hanya namanya saja yang ada, namun kegiatannya tak ada. Karena itu dia mengusulkan kementerian koperasi dihapuskan saja."
77,JK Serta Menteri dan Parlemen Timor Leste akan Hadir,"Wapres Jusuf Kalla serta rombongan dari Timor Leste yang di antaranya terdapat Menteri Pariwisata Perdagangan dan Industri Gil da Costa Alves serta beberapa anggota parlemen, akan menghadiri ICIES 2009 di Bandung."
78,Bisnis Kecil di Indonesia Tidak Pernah Tumbuh,"Jumlah usaha kecil di Indonesia ditengarai berkisar 95-99 persen. Angka ini besar dan celakanya tetap besar. Pasalnya, jumlah tersebut tidak pernah tumbuh untuk menjadi usaha menengah. Ini dikarenakan kuranganya enterpreuner."
79,"Agar Berdaya Saing, Pengelola Kopontren Harus Berjiwa Kewirausahaan","Keberadaan Kopontren sangat strategis bagi pesantren sebagai pilar ekonomi. Namun agar keberadaannya terasa bagi kemajuan pesantren, pengelola Kopontren harus memiliki spirit kewirausahaan."
80,"Bamsoet Hadir di Pertamina Mandalika, Serahkan Trofi Juara Dunia Moto2",Ketua Umum Ikatan Motor Indonesia (IMI) Bambang Soesatyo (Bamsoet) turut serta dalam seremoni penyerahan trofi kepada para pemenang kategori Moto2.
81,Ketua IMI Usul RI Punya Aturan Jelas untuk Kendaraan Modifikasi,IMI mengusulkan agar legalisasi kendaraan kustom dan kendaraan konversi berbahan bakar minyak ke bermotor listrik berdasarkan nomor sasis.
82,Bamsoet Buka OLX Indonesia Modification and Lifestyle Expo 2023,"Mengusung tema 'The Future of Creativity' OLX IMX Diselenggarakan oleh NMAA pada 29 September - 1 Oktober 2023,."
83,"Jadi Kandidat Bakal Cawapres Ganjar, Intip Garasi Mahfud MD",Menko Polhukam Mahfud Md muncul sebagai salah satu kandidat bakal Cawapres Ganjar Pranowo. Ini koleksi kendaraan Mahfud MD.
84,"Awas Mobil Listrik Mogok seperti Milik Sandiaga Uno, Ini Cara Cegahnya",Mobil listrik Hyundai Ioniq 5 milik Menteri Pariwisata dan Ekonomi Kreatif Sandiaga Uno sempat bermasalah. Ini caranya agar aki mobil tak gampang drop.
85,"Mobil Listrik Sandiaga Uno Sempat Mogok, Ternyata Ini Masalahnya",Belum lama ini mobil listrik Hyundai Ioniq 5 milik Menteri Pariwisata dan Ekonomi Kreatif Sandiaga Uno mogok. Ternyata ini masalahnya.
86,Bamsoet Dukung Langkah Jokowi Beri Subsidi Kendaraan Listrik di RI,"Ketua MPR RI ini menjelaskan, untuk mendapatkan insentif PPN tersebut, mobil listrik harus memiliki tingkat kandungan dalam negeri (TKDN) minimal 40 persen."
87,"Deretan Kasus Hyundai Ioniq 5 Bermasalah, Terbaru Milik Sandiaga Uno","Selain Sandiaga Uno, ada konsumen lain yang ngeluh Hyundai Ioniq 5-nya bermasalah."
88,"Mobilnya Bermasalah, Sandiaga Uno Dapat Ioniq 5 Baru Sebagai Pengganti",Sandiaga Uno mendapatkan unit Ioniq 5 baru sebagai mobil pengganti sementara.
89,"Bikin Jokowi-Megawati Batuk-batuk, Bisa Begini Efek Polusi Udara ke Paru",Jokowi hingga Megawati mengaku mengalami batuk-batuk imbas polusi DKI Jakarta yang buruk. Dokter paru mengungkap sederet efek polusi udara ke paru.
90,"Jokowi Batuk-batuk 4 Minggu gegara Polusi Udara, Mungkinkah Kena ISPA?",Kemenkes RI menyoroti kemungkinan ISPA pasca Jokowi mengeluhkan batuk tak kunjung mereda selama 4 minggu di tengah ambyarnya polusi.
91,"Sederet Efek Polusi Udara ke Paru-paru, Jokowi Sampai Batuk-batuk 4 Minggu",Jangan remehkan dampak polusi udara! Jokowi dikabarkan mengalami batuk-batuk selama 4 minggu imbas kondisi udara di Jakarta yang tidak sehat.
92,"Jokowi Batuk-batuk 4 Minggu, Disebut Akibat Polusi Udara Jakarta Buruk",Presiden Joko Widodo disebut sudah beberapa waktu belakangan batuk-batuk. Kondisi yang dialami Jokowi disebut imbas kualitas udara Jakarta yang buruk.
93,"Varian Kraken Masuk RI, Sandiaga Uno Minta Warga Jangan Lengah Prokes COVID!","COVID-19 Varian baru Kraken atau subvarian Omicron XBB.1.5 sudah terdeteksi di Indonesia. Kasus pertama terdeteksi di Balikpapan, Kaltim."
94,Sandiaga Uno Bicara Kemungkinan Vaksin Booster Kedua Jadi Syarat Perjalanan,"Vaksin booster menjadi salah satu syarat wajib untuk melakukan perjalanan jauh, baik menggunakan pesawat terbang maupun kereta api. Vaksin booster kedua gimana?"
95,"Tak Lakukan Pembatasan COVID, Sandiaga Sebut RI Siap Sambut Pelancong China",Sandiaga menegaskan bahwa Indonesia tak melakukan pembatasan pada wisatawan China meski kasus COVID-19 di negara tersebut mengalami kenaikan.
96,"Harga PCR Terbaru Dinilai Masih Mahal, Sandiaga Uno Bilang Begini","Harga PCR baru yang kini ditetapkan menjadi Rp 275 ribu di Jawa Bali, lainnya Rp 300 ribu, dinilai masih mahal. Sandiaga Unu buka suara, begini tanggapannya."
97,4 Fakta Soal Rachel Vennya yang Akui Kabur dari Karantina,Selebgram Rachel Vennya akhirnya membuka suara soal pelanggaran karantina yang dilakukannya sepulang dari Amerika Serikat. Berikut 4 fakta yang wajib diketahui.
98,Pesan Sandiaga Uno untuk Putrinya yang Menikah: Jangan Sampai Dibuat Nangis,"Putri Sandiaga Uno, Anneesha Atheera Uno resmi menikah di New York. Dalam momen tersebut, Sandi memberikan pesan-pesan yang mengharukan."
99,Potret Akad Nikah Anak Sandiaga Uno di New York,"Anak Menparekraf Sandiaga Uno, Atheera Anneesha Uno, resmi menikah dengan Panji Bagas Dwiprakoso. Akad nikah berlangsung di Masjid Al Hikmah New York, AS."
100,"Dukung Hijab Lokal Mendunia, Ini yang Dilakukan Menparekraf Sandiaga Uno",Menteri Pariwisata dan Ekonomi Kreatif Sandiaga Uno memberikan dukungan untuk pelaku bisnis hijab dan modest fashion Indonesia mendunia. Ini kiatnya.
101,80 Brand Hijab dari Aceh hingga Kalimantan Hadir di Muslimah Creative Day 2023,Acara bazar dan talkshow Muslimah Creative day 2023 kembali digelar. Ada lebih dari 80 brand hijab dan modest yang berpartisipasi di Pondok Indah Mall 3.
102,"Anak Sandiaga Uno Akan Menikah di AS, Ini Bocoran Sosok Calon Suaminya",Undangan pengajian jelang pernikahan putri sulung Menparekraf Sandiaga Uno mencuri atensi. Kini Sandiaga memberi bocoran identitas calon suami anaknya.
103,"Jakarta X Beauty 2023 Digelar di JCC Senayan, Dibuka Sandiaga Uno","Dibuka oleh Menteri Pariwisata dan Ekonomi Kreatif Sandiaga Uno, Jakarta X Beauty 2023 berlangsung selama empat hari."
104,Pujian Sandiaga Uno hingga Dubes AS di RI untuk Putri Ariani,Putri Ariani mendapatkan banyak pujian di America's Got Talent. Prestasinya turut memukau Menparekraf Sandiaga Uno hingga Dubes AS untuk Indonesia Sung Y Kim.
105,"Roasting Adalah Bentuk Komedi, Ini Penjelasannya",Ingin tahu arti roasting? Simak artikel berikut ini beserta etika dalam roasting.
106,"Indonesia Fashion Week 2023 Dimeriahkan 200 Desainer, Angkat Kain Gorontalo",Indonesia Fashion Week 2023 digelar mulai dari tanggal 22 Februari hingga 26 Februari 2023 di JCC. IFW kali ini mengangkat wasta dan keindahan alam Gorontalo
107,"MotoGP Mandalika 2023 Dinilai Sukses, Putaran Uang Capai Rp 914 M",MotoGP Mandalika 2023 berakhir dan disebut-sebut sukses di sektor ekonomi kreatif. Perputaran uang di ajang itu mencapai ratusan miliar rupiah.
108,Nama-nama Keris Pusaka yang Diberikan ke 3 Jawara MotoGP Mandalika 2023,Tiga pebalap jawara MotoGP Mandalika 2023 diberi keris pusaka hasil karya pengrajin dari Lombok. Masing-masing keris itu ternyata memiliki nama tersendiri.
109,Sandiaga: 'Pinjam Dulu Seratus' Bikin MotoGP Mandalika Jadi Ramai,"MotoGP Mandalika 2023 memang telah usai. Namun ada yang membekas dari gelaran kali ini, salah satunya adalah dari kelakuan pembalap MotoGP yang nyeleneh."
110,"Hari Ekonomi Kreatif Diresmikan, Diharapkan Jadi Lebarannya Sektor Ekraf",Hari Ekonomi Kreatif Nasional diresmikan. Perayaan ini akan digelar setiap tahun dan disebut sebagai lebarannya sektor ekonomi kreatif.
111,"MotoGP Mandalika 2023 Patut Diacungi Jempol, Tembus 100.000 Penonton",Menparekraf Sandiaga Uno mengapresiasi penyelenggaraan MotoGP Mandalika 2023 yang disaksikan lebih dari 100.000 penonton.
112,Pemenang MotoGP Dihadiahi Keris Bikinan Empu Lombok,"Pertamina Grand Prix of Indonesia 2023 usai kemarin. Tiga pebalap teratas, Francesco Bagnaia, Maverick Vinales, dan Fabio Quartararo, dihadiahi suvenir keris."
113,"Homestay Mandalika Ikut Cuan, Okupansi Melesat 70 Persen",Event internasional MotoGP Mandalika 2023 kembali menuai cuan. Okupansi homestay di Mandalika naik.
114,"Tinjau Planogram Goes to Mandalika, Sandiaga Targetkan Cuan Rp 3 M",Pagelaran MotoGP Mandalika 2023 diramaikan juga dengan Planogram Goes to Mandalika dari Kemenparekraf. Sandiaga pun menargetkan cuan Rp 3 Miliar.
115,"Sandiaga: Target Turis Tercapai, Bisa Tembus 10 Juta",Menparekraf Sandiaga Uno optimistis target kunjungan turis bisa tercapai. Angkanya bahkan diprediksi akan mencapai 10 juta kunjungan.
116,Sandiaga Uno Pengusaha Muda dan Sukses,"Menjadi pengusaha bukanlah cita-cita Sandiaga Uno, namun kegigihan dan kerja kerasnya membangun jiwa entrepreneur, menempatkan dirinya sebagai salahsatu pengusaha sukses Indonesia. Lahir di Rumbai, Pekanbaru, 28 Juni 1969 pria yang biasa disapa Sandi sejak kecil memang dididik untuk menjadi profesional dibidangnya."
117,Menuju Bursa DKI Satu,Bursa calon Gubernur Jakarta kembali menghangat dengan munculnya Adhyaksa Dault dan Sandiaga Uno. Risma dan Ridwan kembali digadang-gadang.
118,Sandiaga Uno Akan Ambil Alih Bukopin,Direktur Utama PT Saratoga Investama Sedaya Tbk Sandiaga Uno tidak membantah kabar rencana pembelian PT Bank Bukopin Tbk.
119,Chatib Basri Jadi Menteri Keuangan?,"Teka-teki pengganti Agus Martowardojo sebagai Menteri Keuangan mulai terjawab. Chatib Basri, yang sekarang memimpin Badan Koordinasi Penanaman Modal, disebut-sebut sebagai kandidat kuat Menteri Keuangan yang baru."
120,"Ikuti Lion, Mandala Tambah Pesawat",Tahun ini menargetkan jumlah penumpang 2 juta orang.
121,Pemegang Tiket Batavia Gratis Naik Mandala,"Maskapai yang baru dihidupkan setelah setahun pingsan, PT Mandala Airlines, menawarkan penerbangan gratis bagi pemegang tiket empat rute Batavia Air."
122,"Dililit Utang, Ical Terjengkang","Selain ada yang tergeser, sejumlah pendatang baru masuk daftar 40 orang terkaya."
