Judul,Isi
Survei Poltracking Elektabilitas Parpol: PDIP Tertinggi,"Poltracking Indonesia telah merilis hasil survei elektabilitas terbaru partai politik. Hasilnya, PDIP masih berada di posisi tertinggi di angka 22,2%."
Simak Pengalihan Arus Lalin Sekitar KPU Jelang Debat Perdana Capres,Rekayasa lalu lintas akan dimulai pukul 15.00 WIB. Rekayasa lalu lintas bersifat situasional.
Saksikan Live Streaming Debat Perdana Pilpres 2024 di detikcom!,Debat Pilpres 2024 akan digelar petang nanti di Kantor KPU RI. detikers bisa menyaksikan live streaming debat perdana ini di detikcom!
Herannya Wiranto Isu Pelanggaran HAM Prabowo Diungkit Terus Jelang Pilpres,"Wakil Dewan Pertimbangan Presiden, Wiranto, mengaku heran isu pelanggaran HAM Capres nomor urut 2, Prabowo Subianto kerap diungkit menjelang Pilpres."
"Survei Litbang Kompas: Elektabilitas Gerindra 21,9%, PDIP 18,3%",Litbang Kompas merilis survei terbaru terkait elektabilitas partai politik di Pemilu 2024. Gerindra kini berada di puncak dan disusul oleh PDIP.
4 Survei Terkini Elektabilitas 3 Capres-cawapres Jelang Debat Perdana,3 Capres akan menjalani debat perdana hari ini. Lantas bagaimana elektabilitas ke 3 pasangan capres-cawapres jelang debat?
Sederet Hal yang Perlu Diketahui soal Debat Perdana Pilpres 2024 Hari Ini,KPU akan menggelar debat perdana pilpres 2024 hari ini (12/12). Debat perdana ini akan dimulai dengan calon presiden (capres).
"Airlangga Hartarto: Prabowo-Gibran Nomor 1, Masa Partainya Nggak Ikut?",Ketum Partai Golkar Airlangga Hartarto memaparkan elektabilitas Prabowo-Gibran nomor satu di Lampung. Untuk itu dia meminta Golkar juga bisa jadi nomor satu.
Hitung-hitungan Sederet Nama yang Masuk Bursa Cawagub Khofifah,Bursa cawagub Jatim yang akan mendampingi Khofifah di Pilgub Jatim 2024 diprediksi alot. Beberapa nama mencuat dalam beberapa hasil survei.
Survei Poltracking Elektabilitas Parpol: PDIP Tertinggi,"Poltracking Indonesia telah merilis hasil survei elektabilitas terbaru partai politik. Hasilnya, PDIP masih berada di posisi tertinggi di angka 22,2%."
Simak Pengalihan Arus Lalin Sekitar KPU Jelang Debat Perdana Capres,Rekayasa lalu lintas akan dimulai pukul 15.00 WIB. Rekayasa lalu lintas bersifat situasional.
Saksikan Live Streaming Debat Perdana Pilpres 2024 di detikcom!,Debat Pilpres 2024 akan digelar petang nanti di Kantor KPU RI. detikers bisa menyaksikan live streaming debat perdana ini di detikcom!
Herannya Wiranto Isu Pelanggaran HAM Prabowo Diungkit Terus Jelang Pilpres,"Wakil Dewan Pertimbangan Presiden, Wiranto, mengaku heran isu pelanggaran HAM Capres nomor urut 2, Prabowo Subianto kerap diungkit menjelang Pilpres."
"Survei Litbang Kompas: Elektabilitas Gerindra 21,9%, PDIP 18,3%",Litbang Kompas merilis survei terbaru terkait elektabilitas partai politik di Pemilu 2024. Gerindra kini berada di puncak dan disusul oleh PDIP.
4 Survei Terkini Elektabilitas 3 Capres-cawapres Jelang Debat Perdana,3 Capres akan menjalani debat perdana hari ini. Lantas bagaimana elektabilitas ke 3 pasangan capres-cawapres jelang debat?
Sederet Hal yang Perlu Diketahui soal Debat Perdana Pilpres 2024 Hari Ini,KPU akan menggelar debat perdana pilpres 2024 hari ini (12/12). Debat perdana ini akan dimulai dengan calon presiden (capres).
"TKN Kumpulkan Aktivis 98 Jelang Debat, Tegaskan Prabowo Bukan Pelanggar HAM",TKN Prabowo-Gibran kumpulkan sejumlah aktivis dan korban penculikan era 98 jelang debat perdana Pilpres. Para aktivis menegaskan Prabowo bukan pelanggar HAM.
TPN Sebut Persoalan Hak Korban di Wadas Jadi Prioritas Ganjar,TPN Ganjar-Mahfud mengungkapkan pemulihan hak korban di Wadas jadi prioritas Ganjar saat jadi Gubernur Jawa Tengah. Persoalan Wadas disebut telah dituntaskan
"Hacker Jimbo Tak Secanggih Perkiraan, Ini Kata Ahli Forensik Digital","Bocornya 204 juta data pemilih Pemilu 2024 yang diumbar oleh hacker Jimbo sempat menggegerkan publik. Tapi menurut pakar, hacker Jimbo tidak begitu canggih."
Enkripsi Data Inovatif Faktor Utama Perangi Kebocoran Data,Keamanan data adalah prioritas utama di era digital dan enkripsi data yang inovatif menjadi salah satu langkah penting yang wajib dilakukan.
Menkominfo Ungkap 42% Masyarakat Percaya Disinformasi Seputar Pemilu,"Menkominfo mengungkap 42% masyarakat Indonesia mempercayai disinformasi seputar pemilu. Apabila tidak diantisipasi, dapat menurunkan kepercayaan masyarakat."
"Pemilu 2024: Masyarakat Sudah Cerdas Bermedsos, Platform Juga Dukung","Tren berita bohong jelang Pemilu 2024 di media sosial dinilai menurun. Menurut Kominfo, masyarakat telah belajar dari pemilu-pemilu sebelumnya."
"Jangan Coba-coba Bikin Berita Hoax, Pasti Ketahuan","Kabarhakam Komisaris Jendral (Pol), Fadil Irman, mengungkapkan masyarakat Indonesia kini sudah cerdas dalam memilah suatu informasi. Berita hoax akan ketahuan."
Kominfo: Kondisi Hoax Medsos Pemilu 2019 Paling Menegangkan,Hoax yang tersebar di media sosial saat pemilu 2019 menjadi momen paling menegangkan bagi Kementerian Komunikasi dan Informatika atau Kominfo.
"Pemilu 2024, Media Sosial Jadi Pisau Mata Dua","Jelang Pemilu 2024, medsos dianggap menjadi pisau bermata dua. Hal ini karena medsos bisa melahirkan berkah sekaligus ancaman."
Menkominfo Jadi Moderator Demi Indonesia: Nanti Kita Bikin Podcast,Menteri Komunikasi dan Informatika Budi Arie Setiadi mendadak jadi moderator di acara #DemiIndonesia Cerdas Memilih by detikcom.
"Kabaharkam: Jelang Pemilu 2024, Berita Bohong di Internet Turun",Komisaris Jenderal (Pol) Fadil Imran menyebut bahwa indeks berita bohong di masyarakat membaik.
"IBL 2024 Mulai Januari, Terapkan Format Kandang Tandang Sejak Seri Reguler",IBL 2024 dijadwalkan bergulir mulai Januari. Kompetisi bola basket nasional ini akan menerapkan format laga kandang tandang sejak seri reguler sampai playoff.
Alasan Menpora Beri Hadiah Papan Catur di Haornas ke-40,"Puncak acara Haornas ke-40 berlangsung di Jakarta Internasional Velodrome, Jakarta. Dalam kesempatan itu, Menpora Dito Ariotedjo memberikan hadiah papan catur."
Kongres Pemilihan Ketum KOI Dipercepat Jadi Juni 2023,Pelaksanaan kongres Komite Olimpiade Indonesia (KOI) dipercepat dari semula 2024 menjadi Juni 2023. Hal itu dilakukan lantaran ada Pemilihan Umum Presiden RI.
SEA Games 2021 Resmi Ditunda,"SEA Games 2021 yang sedianya dilaksanakan November tahun ini resmi ditunda. Namun, kapan waktu penggantinya masih akan dirembukkan usai Olimpiade Tokyo 2020."
"Ikut Pemilu, Lalu Zohri Ingin Presiden yang Jujur dan Tegas",Sprinter Lalu Muhammad Zohri akan mengikuti Pemilihan Presiden 2019 untuk kali pertama. Dia akan pilih pemimpin yang jujur dan tegas.
"'Satgas Antimafia Bola Semestinya Permanen, Bukan Sementara'","PSSI kembali membentuk Satuan Tugas (Satgas) Antimafia Bola. Tugas mereka dinilai semestinya permanen, bukan sementara."
"Masuk Bursa Cawapres, Erick Thohir: Amanah Saya di PSSI","Nama Erick Thohir santer disebut-sebut masuk bursa bakal calon wakil presiden (bacawapres). Erick tegaskan, dirinya punya amanah di PSSI."
Kapan Liga 2 Dimulai? PT LIB Tunggu Arahan PSSI,PT Liga Indonesia Baru (LIB) belum bisa memastikan kapan Liga 2 2023/24 akan dimulai. Operator kompetisi menyatakan masih menunggu arahan dari PSSI.
PT LIB Harap Kendala Jadwal yang Dialami Persija Vs PSM Tak Terjadi Lagi,PT Liga Indonesia Baru (LIB) berharap jadwal kompetisi bisa lancar. Penjadwalan ulang Persija Jakarta Vs PSM Makassar jangan sampai terulang lagi.
"Liga 1: Persija Vs PSM Batal Laga Pembuka, Diganti Bali United Vs PSS",Persija Jakarta vs PSM Makassar batal menjadi laga pembuka Liga 1 2023/2024. Pembukaan akan digelar di Bali dengan laga Bali United vs PSS Sleman.
"Liga 1 Tanpa Suporter Away, Kapasitas Dibatasi saat Musim Kampanye",Liga 1 2023/2024 diputuskan tanpa kehadiran suporter tim tamu. Kemudian kapasitas kehadiran penonton akan menjadi 50 persen saat musim kampanye Pemilu.
PSSI: Liga 1 Jalan Terus Meski Ada Piala Dunia U-17 dan Kampanye Pemilu,PSSI memastikan Liga 1 tetap berjalan sesuai rencana meski ada Piala Dunia U-17 2023 pada November mendatang. Ini waktunya menyinergikan semua agenda nasional.
Mino Raiola: Kata Siapa Erling Haaland ke Barcelona?,"Erling Haaland diisukan akan bergabung ke Barcelona seusai pemilu presiden Blaugrana. Kabar tersebut dibantah agen Haaland, Mino Raiola."
Imanuel Wanggai di Hari Pemilu: Jaga TPS Pakai Baju Satpam,Imanuel Wanggai tampil nyentrik di hari pemilihan umum. Pemain Persipura Jayapura itu tampil dengan seragam satpam dengan tugas sebagai pengaman TPS.
"Tina Toon Lulus S1 Hukum, Bangga Jadi Wisudawan Terhormat",Tina Toon lulus S1 Hukum. Ia bangga jadi wisudawan terhormat.
Pasang Surut Hubungan Hamka-Presiden Soekarno di Film Hamka & Siti Raham Vol. 2,Film Hamka & Siti Raham Vol.2 akan memasukkan kisah persahabatan Buya Hamka dengan Presiden Soekarno. Dua sahabat itu bisa beda pandangan karena politik.
Pengakuan Deddy Corbuzier Bakal Golput di Pemilu 2024,Deddy Corbuzier sebutkan sejumlah kewajiban yang harus dijalankan selama menjabat di TNI AD. Ia harus golput alias tidak memilih saat pemilu mendatang.
Pandangan Candil saat Banyak Musisi Tertarik Jadi Anggota Dewan,Candil eks Seurieus masih ogah terjun ke politik. Sebagai musisi banyak yang tidak dia mengerti soal politik.
Komika Papa Zidan Terkenal di TikTok hingga Kini Bikin Lagu Untuk Pemilu,Komika Papa Zidan terkenal di TikTok. Kini ia bikin lagu untuk pemilu.
Ade Fitrie Kirana Yakin Generasi Unggul Dapat Tercipta Lewat Cara Ini,Ade Fitrie Kirana yakin generasi unggul dapat tercipta lewat cara ini. Seperti apa?
Ade Fitrie Kirana Sebut Pemberdayaan Perempuan Penting Bagi Masa Depan Negara,Ade Fitrie Kirana sebut pemberdayaan perempuan penting bagi masa depan negara. Seperti apa?
"Nyaleg, Narji Ogah Jor-joran untuk Kampanye: Kalau Gagal Nggak Jadi Gila",Narji yang ogah jor-joran untuk kampanye.
"Seloroh Narji Kompak Nyaleg Bareng Denny, Wendi Cagur Nggak Diajak Nih?","Narji juga memutuskan untuk nyaleg di Pemilu 2024. Kompak dengan Denny Cagur, kenapa Wendi Cagur nggak diajak?"
"3 Calon Presiden Indonesia Suka Makanan Tradisional, Ini Favoritnya","Tiga calon presiden (capres) Indonesia menyukai beragam makanan tradisional. Apa saja makanan favorit Anies Baswedan, Ganjar Pranowo, dan Prabowo Subianto?"
Menu Makan Siang Jokowi Bersama 3 Capres hingga Protes Beli Nasi Padang,Terungkap menu makan siang yang Jokowi dan 3 calon presiden. Ada juga berita wanita kena rasisme saat jualan sushi di New York hingga protes beli nasi Padang.
"3 Kopi Favorit Capres 2024, Kopi Hambalang hingga Kopi Lampung","Capres 2024 punya kopi favorit. Mulai dari Prabowo yang suka kopi hambalang, Ganjar suka kopi Lampung, hingga Anies yang suka kopi pahit. Begini racikannya!"
"Muhaimin Iskandar Cawapres Anies Baswedan, Ini Fakta Kulinernya",Muhaimin Iskandar atau yang akrab disapa Cak Imin resmi menjadi Cawapres Anies Baswedan. Ketua Umum PKB ini juga memiliki fakta kuliner menarik lho foodies!
Aksi Sandiaga hingga Ganjar Pranowo yang Eksis Jadi Foodies,"Tak hanya sibuk berpolitik, ada para pejabat negara yang eksis jadi foodies di media sosial. Sosok Ridwan Kamil hingga Ganjar Pranowo heboh jadi food vlogger!"
5 Bisnis Kuliner Gibran hingga Aksi Ridwan Kamil Jadi Food Vlogger,"Cawapres Prabowo, Gibran Rakabuming memiliki sederet bisnis kuliner. Ada juga pria nekat jalani tantangan minum bir hingga aksi Ridwan Kamil jadi food vlogger."
"5 Fakta Bisnis Kuliner Gibran Rakabuming, Cawapres Prabowo dalam Pemilu 2024","Prabowo Subianto mengumumkan Gibran Rakabuming Raka sebagai cawapres, pendamping dirinya. Intip sosok Gibran yang kiprahnya lekat dengan dunia kuliner."
Kreatif! 5 Tempat Makan Ini Pakai Spanduk ala Caleg Kampanye,Beberapa tempat makan ini mendesain spanduk promosi layaknya calon legislatif (caleg) sedang kampanye. Bahkan sampai menuliskan program kerjanya.
S3 Marketing! Penjual Roti di Magelang Ini Promosi bak Caleg,Banyak cara kreatif untuk mempromosikan bisnis kuliner. Penjual roti di Magelang ini memilih promosi dengan materi mirip calon legislatif.
Bamsoet Ajak Komunitas Pajero Indonesia Bantu Tingkatkan Sport Tourism,"Ketua MPR RI Bambang Soesatyo dukung rencana pengukuhan pengurus nasional Pajero Indonesia Family yang akan diselenggarakan, di Bogor, pada 2 Desember 2023."
Pebalap Spanyol Ikut Komentar soal Pencoretan Mandalika dari Kalender WSBK 2024,Pebalap Team HRC WSBK Iker Lecuona berharap WSBK tetap bisa digelar di Sirkuit Mandalika tahun depan. Sebab penontonnya begitu ramai.
Pebalap Honda Kecewa Sirkuit Mandalika Dicoret dari WSBK 2024,"Pebalap Team HRC WSBK, Xavi Vierge, merasa kecewa karena Sirkuit Mandalika tak menyelenggarakan balap WSBK (World Superbike) musim 2024."
"Formula E Rilis Kalender Resmi 2024, Tak Ada Balapan di Jakarta","Pada kalender resmi yang telah ditetapkan kemarin, Rabu (22/11/2023), fix tak ada jadwal balapan Formula E di Jakarta."
Intip Harga Mobil yang Dipakai Anies-Cak Imin saat Ambil Nomor Urut ke KPU,Mobil yang digunakan pasangan Anies Baswedan dan Muhaimin Iskandar ke KPU semalam mencuri perhatian. Intip spek dan harga mobil bongsor itu.
"Bamsoet Buka Ajang Balap Harley HI-DRONE, Dimeriahkan Bazar-Konser Musik","HI-DRONE mengusung konsep baru dalam ajang otomotif di Indonesia. Sebab ajang ini menggabungkan balap motor Harley, bazar UMKM, dan konser musik."
Bamsoet: Foto VW dengan Latar Gedung MPR yang Bersejarah Itu Luar Biasa,"Hal itu disampaikan Bamsoet saat membuka acara Sosialisasi Empat Pilar MPR RI, 'Road to Pecah Seribu VW: Indonesia Bersatu."
"Buka Volkswagen Wochenende Treffen 2023, Bamsoet Bicara Sejarah VW di RI",Ketua Umum Ikatan Motor Indonesia (IMI) Bambang Soesatyo (Bamsoet) membuka event Volkswagen (VW) Wochenende Treffen 2023.
Bamsoet Apresiasi 7 Tahun Perjalanan Harley Davidson Police Owners Group,Ketua MPR RI Bambang Soesatyo (Bamsoet) mengapresiasi komunitas motor besar Harley Davidson Police Owners Group (POG) yang sudah memasuki usia ke-7 tahun.
Menkes Bicara soal Kesiapan RS Jiwa Jelang Pemilu dan Pilkada 2024,Menteri Kesehatan Budi Gunadi Sadikin ikut menanggapi kemungkinan laporan lonjakan kasus gangguan jiwa yang dialami calon legislatif di 2024.
"Daftar Pemeriksaan Kesehatan Capres-Cawapres di RSPAD, Tes Fisik sampai Mental",RSPAD dipilih sebagai rumah sakit tempat tes kesehatan bagi bakal pasangan calon peserta Pilpres 2024. Pemeriksaan kesehatan rencananya akan dimulai pekan ini.
"Viral Cuitan SBY soal Mimpi, Dokter Tidur Ungkap Fakta Medis di Baliknya","Tak sedikit yang menafsirkan cuitan mimpi SBY dengan gambaran Pemilu 2024. Lantas, apakah mimpi bisa ditafsirkan secara medis? Begini kata dokter tidur."
"Marak Tafsir Mimpi SBY Ketemu Jokowi-Megawati, Penjelasan Medisnya Begini",Tak sedikit pengamat-ahli menyoroti arti mimpi Eks Presiden RI SBY yang bertemu Presiden RI Jokowi dan Ketua PDIP Megawati. Begini penjelasan dokter tidur.
Dokter Tidur Ungkap Fakta Medis di Balik Viral Cuitan Tafsir Mimpi SBY,"Presiden ke-6 RI, SBY menarik perhatian karena menceritakan mimpinya melalui cuitannya di Twitter. Lantas, apakah hal ini bisa dijelaskan secara medis?"
RS Rujukan Kesehatan Jiwa Makassar Siapkan Bed Khusus Caleg Gagal Pemilu 2024,"RSKD Dadi Makassar, Sulsel menyiapkan tempat tidur bagi caleg gagal pada pemilu 2024. Salah satu syaratnya yakni mereka adalah anggota BPJS Kesehatan."
"Pesan Dokter Buat yang Demo saat Puasa, Waspadai Ciri-ciri Dehidrasi!","BEM SI bakal menggelar aksi demonstrasi di DPR RI hari ini, Senin (11/4). Catat pesan dokter agar aksi tetap berjalan aman selama puasa Ramadan."
Momen Kocak Ridwan Kamil Protes Wajahnya di Foto Kampanye Mirip Babang Tamvan,Mantan Gubernur Jawa Barat Ridwan Kamil baru-baru ini tampak memamerkan foto kampanye miliknya ke akun Instagram. Penasaran seperti apa fotonya?
"Daftar Prestasi 3 Anak Capres, Peraih Medali Emas Hingga Desainer Dunia","Seperti apa jejak prestasi dari anak Anies Baswedan, Ganjar Pranowo, dan Prabowo Subianto?"
Gaya Selvi Ananda Dampingi Gibran Deklarasi Jadi Cawapres Prabowo,Tepat pada 25 Oktober 2023 Gibran Rakabuming menyampaikan pidatonya sebagai cawapres Prabowo. Di salah satu momen ia tampak mengajak istrinya naik ke panggung.
Ini Arti Baju Warna Biru yang Dipakai Prabowo dan Gibran Saat Deklarasi,"Sejak pagi, keduanya pun terlihat kompak mengenakan kemeja warna biru sebelum mendaftarkan pencalonan diri dalam Pemilu 2024. Apa arti dari baju itu?"
"Intip Potret Masa Kecil Gibran Cawapres Prabowo, Berkaca Mata & Rambut Cepak","Kini sudah menikah dan dikaruniai dua orang anak, penasaran bagaimana penampilan Gibran Rakabuming cawapres Prabowo saat masih kecil? Berikut selengkapnya."
"Intip Jam Tangan 3 Capres: Prabowo, Anies dan Ganjar, Siapa Paling Mahal?",Baru-baru ini jam tangan dari para calon presiden yang akan mencalonkan diri pada Pemilu 2024 pun jadi sorotan. Siapa yang paling mahal?
"Gaya Jokowi Pakai Baju Adat Bangka Belitung di Sidang MPR, Ini Maknanya","Jokowi melanjutkan tradisi berbusana adat untuk Sidang Tahunan MPR RI. Tahun ini, baju adat dari Bangka Belitung menjadi andalannya. Apa maknanya?"
"Kanye West Gandeng Belanciaga, Rilis Merchandise Album Donda","Berbarengan dengan kehadiran album 'Donda', Kanye West juga meluncurkan merchandise khusus. Tak tanggung-tanggung, Balenciaga pun digandeng sang rapper."
"Meski 2024 Ada Pemilu, Pertandingan-Konser Internasional Gas Terus","Meski tahun depan ada Pemilu 2024, tapi Kemenparekraf memastikan pertandingan hingga konser musisi internasional yang telah terjadwal tetap jalan terus."
"WSBK 2024 Tidak Digelar di Sirkuit Mandalika, Kenapa?",Event World Superbike (WSBK) 2024 tidak digelar di Sirkuit Mandalika. Ternyata alasannya berhubungan dengan fee dan pesta demokrasi.
Makna Kain Tenun Sumba yang Dipakai Ketiga Capres-Cawapres di KPU,KPU beri oleh-oleh kain tenun Sumba NTT untuk capres-cawapres. Ternyata kain tenun tersebut memiliki makna cukup dalam.
"Bicara Tahun Politik, Sandiaga Uno: Menterinya Tidak ke Mana-mana",Sandiaga Uno berbicara mengenai dinamika di tahun politik. Ia sempat bergurau bahwa Kemenparekraf tak berdinamika karena dirinya tak kemana-mana.
Sandiaga Pastikan Investasi Sektor Pariwisata Tak Terpengaruh Dinamika Politik,"Sandiaga Uno, memastikan sektor pariwisata dan ekonomi kreatif tak terpengaruh dinamika politik jelang Pemilu 2024. Sandi justru melihat adanya peluang wisata."
"Kembali ke Awal, Negara India Mau Ubah Nama Jadi Bharat",Pemerintah India berencana mengganti nama negara itu menjadi Bharat. Nama Bharat telah digunakan masyarakat sebelum India dipakai untuk menyebut negara itu.
Bule Punya KTP Bali Pertama Diungkap oleh KPU,"Bule di Bali yang memiliki KTP menimbulkan masalah. Karena, kekeliruan itu ditemukan oleh KPU (komisi pemilihan umum)."
"Masuk Tahun Politik, Diaspora Indonesia Serukan Persatuan Lewat Budaya","Tahun 2023 disebut sebagai 'tahun politik'. Untuk itu, masyarakat diaspora Indonesia di Amerika Serikat menyerukan pesan persatuan melalui seni budaya."
"Pesta Demokrasi 2024, Hotel Diyakini Panen Rezeki","Pesta demokrasi berlangsung setahun lagi, 2024. Dalam perhelatan akbar ini, hotel diyakini ketiban rezeki."
"P2G Beri Catatan soal Visi-Misi Cawapres, Sorot Janji-janji kepada Guru",P2G memberi sejumlah catatan kritis soal visi dan misi ketiga capres-cawapres. Begini pemaparan mereka.
Misi Ganjar-Mahfud: Wajib Belajar 12 Tahun Gratis-1 Keluarga Miskin 1 Sarjana,"Pada pemaparan visi misi Ganjar-Mahfud Md, disebutkan salah satu programnya adalah wajib belajar 12 tahun gratis hingga 1 keluarga miskin 1 sarjana."
Visi Misi Prabowo-Gibran: Benahi Kurikulum Pendidikan Tinggi- UMR Guru Swasta,"Paslon nomor 2 memiliki sejumlah visi dalam bidang pendidikan, sains, SDM, hingga kebudayaan. Prabowo-Gibran sebut soal upah minimun guru PAUD sampai swasta."
Misi Anies-Cak Imin: Peningkatan Daya Tampung Sekolah-Uang Kuliah Terjangkau,Pasangan capres-cawapres nomor urutan 1 merumuskan sederet agenda dalam bidang pendidikan dan kebudayaan. Simak rinciannya!
Mahasiswa Berhalangan Pulang Saat Pemilu 2024? Ini Cara Daftar Pemilih Tambahan!,"Mahasiswa rantau berhalangan pulang saat Pemilu 2024? Jangan khawatir, kamu bisa mendaftar sebagai Daftar Pemilih Tambahan. Cek caranya, yuk!"
Pakar UM Surabaya soal Foto Gemoy Capres-Cawapres Versi AI: Jangan Cuma Pencitraan,"Soal foto capres-cawapres ala AI yang menarik perhatian publik, ini tanggapan pakar media kajian media UM Surabaya."
"Pemilu 2024, Pakar Imbau Gen Z Waspada Hal Ini","Siap-siap Pemilu 2024, Bawaslu hingga KPU merinci hal-hal yang perlu diwaspadai Gen Z di media dan medsos."
"Kawal Pemilu 2024, UGM Bakal Kirim Mahasiswa KKN Awasi TPS",UGM akan mengirimkan mahasiswa KKN untuk mengawasi TPS di berbagai wilayah Indonesia. Mana saja? Simak di sini.
Memahami Geopolitik Indonesia Bersama Para Ahli di Fisipol UKI,Jurusan Hubungan Internasional Fakultas Ilmu Sosial dan Politik Universitas Kristen Indonesia (UKI) menggelar kuliah umum yang membahas dinamika geopolitik
"Pemilihan Ketua Umum Dimajukan, NPC Indonesia Gelar Musornaslub",National Paralympic Committee (NPC) Indonesia menggelar Pembukaan Raker dan Musyawarah Olahraga Nasional Luar Biasa (Musornaslub) di The Sunan Hotel.
Sudirman Said Sebut Timnas AMIN Akan Bikin Posko Gerakan Rakyat di Tiap TPS,"""Relawan harus berada di titik paling depan, karena kunci kemenangan ada di TPS,"" ungkap Wakil Ketua Timnas AMIN Sudirman Said"
Capres-Cawapres Bakal Dicecar 18 Pertanyaan Saat Debat Perdana,Debat perdana capres-cawapres 2024 akan berlangsung selama 120 menit yang dibagi dalam 6 segmen.
"Jelang Debat Capres, Istri Ganjar: Saya Lebih Persiapkan Sisi Psikologisnya",Siti Atikoh mengatakan tidak ada persiapan khusus dari Ganjar Pranowo dalam menghadapi debat capres pertama. Berikut jadwal 5 kali debat capres-cawapres.
Gibran Ajukan Cuti sebagai Walkot Solo Jelang Debat Capres-Cawapres,Gibran Rakabuming Raka mengajukan cuti sebagai Wali Kota Solo selama dua hari jelang debat capres dan cawapres
"Syarat Pendaftaran KPPS Pemilu 2024, Persiapkan Sebelum Mendaftar!",Tertarik untuk mendaftar sebagai anggota KPPS untuk Pemilu 2024 mendatang? Simak syarat pendaftaran KPPS berikut ini!
"Resmi Dibuka Hari Ini, Simak Tata Cara Pendaftaran KPPS Pemilu 2024",Pendaftaran KPPS Pemilu 2024 resmi dibuka hari ini. Simak tata cara mendaftarnya beserta syarat yang diperlukan berikut ini.
"Heboh Dugaan Intimidasi Politik Oknum Sekdes di Boyolali, Bawaslu Telusuri",Viral video dinarasikan seorang oknum Sekdes di Boyolali diduga lakukan intimidasi politik kepada warga. Bawaslu Boyolali menelusuri rekaman video itu.
Berapa Gaji KPPS Pemilu 2024? Naik 2 Kali Lipat dari 2019!,"Dikabarkan mengalami kenaikan, berapa gaji KPPS pada Pemilu 2024 mendatang? Ini jawaban lengkapnya!"
Hitung-hitungan Sederet Nama yang Masuk Bursa Cawagub Khofifah,Bursa cawagub Jatim yang akan mendampingi Khofifah di Pilgub Jatim 2024 diprediksi alot. Beberapa nama mencuat dalam beberapa hasil survei.
KPU Surabaya Buka Lowongan 57 Ribu KPPS untuk Pemilu 2024,KPU Surabaya telah resmi membuka lowongan KPPS dengan kuota 57.169 orang yang akan ditempatkan di 8.167 TPS di Surabaya.
Infografis: Langkah Mulus Khofifah Menuju Pilgub Jatim 2024,Khofifah Indar Parawansa siap maju di Pilgub Jatim 2024. Sejumlah partai ramai-ramai mendukungnya.
"Tak Cuma Emil Dardak, Ini Sederet Nama yang Ramaikan Bursa Cawagub Khofifah","Sejumlah nama meramaikan bursa cawagub yang akan dampingi Khofifah di Pilgub Jatim 2024. Selain Emil Dardak, terdapat beberapa tokoh parpol yang punya peluang."
"Dana Hibah Pilkada Lamongan 2024 Resmi Diketok Senilai Rp 71,5 M","Dana hibah pelaksanaan Pilakda Lamongan 2024 diketok Pemkab bersama KPU Lamongan. Besarannya mencapai Rp 71,5 miliar. Simak akan dimanfaatkan untuk apa saja."
Menerka Peluang Emil Dardak Dampingi Khofifah di Pilgub Jatim 2024,"Khofifah hampir pasti maju lagi sebagai cagub di Pilgub Jatim 2024. Lalu, bagaimana dengan peluang Emil Dardak untuk mendampinginya sebagai cawagub?"
Calon Pendamping Khofifah di Pilgub Jatim 2024 Diprediksi Alot,Pengamat politik UB memprediksi penentuan cawagub yang akan mendampingi Khofifah di Pilgub Jatim 2024 bakal alot. Masing-masing partai punya gaconya sendiri.
"Profil Bayu Dwi Anggono, Dekan FH Unej Jadi Panelis Debat Capres-Cawapres",KPU telah menetapkan 11 pakar yang akan menjadi panelis debat capres-cawapres pertama. Salah satu panelis merupakan Dekan FH Unej Bayu Dwi Anggono.
Sinyal Kuat Golkar Ikut Rekom Khofifah di Pilgub Jatim 2024,"Golkar mengirim sinyal kuat untuk ikut mendukung Khofifah di Pilgub Jatim 2024. Sebelum ini, PAN dan Gerindra sudah resmi memberi rekom Khofifah sebagai cagub."
Dede Yusuf Bicara soal Kesiapan Prabowo-Gibran Ikuti Debat,Dede Yusuf mengungkap soal kesiapan pasangan Prabowo Subianto-Gibran Rakabuming Raka mengikuti debat capres-cawapres pada Selasa (12/12/2023).
Pakar Unpad Nilai Debat Capres Jadi Ajang Pembuktian Gibran Rakabuming,Pakar Unpad menilai debat capres-cawapres menjadi ajang pembuktian bagi Gibran Rakabuming Raka untuk menunjukkan kapabilitasnya sebagai kontestan Pilpres 2024.
Lika-liku Petugas Survei Pemilu: Cari Data sampai Dianggap Rentenir,"Menjadi petugas lapangan di suatu lembaga survei ternyata penuh lika-liku. Sering dianggap rentenir, tim bedah rumah atau bahkan ditolak."
"Debat Perdana Pilpres, TPD Jabar Ganjar-Mahfud Gelar Nobar","Debat perdana Pilpres 2024 bakal digelar KPU RI, Selasa (12/12/2023). TPD Ganjar-Mahfud menggelar nobar di seluruh sekretariat partai pengusung di Jabar"
"Pileg 2024, Gerindra Targetkan 10 Kursi di DPRD Kota Cirebon",Gerindra Kota Cirebon menargetkan meraih 10 kursi pada Pilg 2024.
Kala Ribuan Warga Sumedang Senam Sehat Bareng Relawan Ganjar-Mahfud,"Ribuan warga mengikuti acara senam sehat bertajuk Sumedang bersama Ganjar-Mahfud di lapangan eks Terminal Cileunyi, Kabupaten Bandung."
Ridwan Kamil: Prabowo-Gibran Siap Ikuti Debat Capres-Cawapres,"Ketua Tim Kampanye Daerah (TKD) Jabar, Ridwan Kamil menyatakan pasangan Prabowo-Gibran sudah siap debat perdana capres-cawapres."
Gibran Minta Relawan 'Santuy' Hadapi Hoaks: Pokoknya Dijogetin Aja,"Calon wakil presiden (cawapres) nomor urut 2, Giran Rakabuming Raka mengingatkan pendukungnya agar tak mudah terprovokasi hoaks di media sosial."
"Pemkab Karawang Kucurkan Rp 5,6 Miliar untuk Parpol","Pemkab Karawang sudah mengucurkan anggaran hingga Rp 5,6 miliar untuk partai politik (parpol) di Karawang."
Alasan Anggota Panwaslu Gowa Pose 2 Jari Cuma Disanksi Pembinaan,Anggota Panwaslu di Gowa hanya diberi sanksi pembinaan usai berjoget dengan pose 2 jari bareng Bupati Gowa Andan Purichta Ichsan. Apa alasannya?
"TPD Ganjar-Mahfud Sulsel Andalkan Survei Internal, Optimis Capai 30% Suara","Survei Litbang Kompas di pulau Sulawesi, menempatkan Prabowo Subianto unggul di angka 46,9%, Anies Baswedan 16,7%, dan Ganjar Pranowo 10,4%."
NasDem Sulsel soal Survei Anies Rendah: Di Warkop-Rumah Ibadah Semua AMIN,"DPW NasDem Sulsel merespons hasil survei terbaru Litbang Kompas yang menempatkan penguasaan wilayah Anies Baswedan di Sulawesi di angka 16,7% pada Pilpres 2024."
Satpol Parepare Copot 112 APK Caleg di Pohon-Tiang Listrik di Area Terlarang,"Satpol PP Kota Parepare, Sulawesi Selatan (Sulsel) mencopot 112 alat peraga kampanye (APK) calon legislatif (caleg) yang terpasang di area terlarang."
Bupati Torut Bantah Mobilisasi Kepsek Demi Menangkan Istri-Anak Nyaleg,Bupati Toraja Utara Yohanis Bassang membantah tuduhan dirinya memobilisasi kepsek untuk memenangkan istri dan anaknya di Pileg 2024.
Pj Gubernur Sulsel Ingatkan Bahaya Pengadu Domba Berwatak VOC di Pemilu,Penjabat (Pj) Gubernur Sulawesi Selatan (Sulsel) Bahtiar Baharuddin mengimbau warga untuk tidak terprovokasi ulah pengadu domba menjelang Pemilu 2024.
Pj Walkot Parepare Tunggu Rekomendasi KASN Sanksi 12 ASN Langgar Netralitas,Pj Wali Kota Parepare Akbar Ali menunggu rekomendasi dari KASN untuk memberikan sanksi kepada 12 ASN yang diduga melanggar netralitas menjelang Pemilu 2024.
"Survei Litbang Kompas di Sulawesi: Prabowo 46,9%, Anies 16,7%, Ganjar 10,4%","Litbang Kompas merilis survei terbaru terkait elektabilitas capres-cawapres di Pemilu 2024. Khusus di pulau Sulawesi, Prabowo Subianto unggul di angka 46,9%."
"Hari Korban 40.000 Jiwa, Walkot Makassar Gaungkan Persatuan Jelang Pemilu",Walkot Makassar Danny Pomanto menggaungkan persatuan masyarakat menjelang Pemilu 2024 pada peringatan Hari Korban 40.000 Jiwa.
"KPU Batam Buka Pendaftaran KPPS, Berikut Besaran Honorer-Syarat Pendaftaran",KPU Batam buka rekrutmen KPPS Pemilu 2024. Dibutuhkan sebanyak 22.687 orang untuk ditempatkan di 3.241 TPS di Batam.
"KPU Sumbar Coret Lagi 3 Caleg dari DCT, Total Sudah 6 Orang",KPU Sumbar kembali coret 3 orang Caleg dari DCT. Sebelumna KPU Sumbar juga sudah mencoret 3 caleg di kabupaten kota. Kini sudah 6 caleg dicoret di Sumbar.
Daftar Stasiun TV-Radio yang Menyiarkan Debat Capres-Cawapres 2024,Debat capres-cawapres 2024 perdana akan berlangsung pada Selasa (12/12/2023). Berikut daftar stasiun TV dan radio yang menyiarkan debat capres-cawapres 2024.
9 Ribu Personel Gabungan Dikerahkan Amankan Natal-Tahun Baru di Sumut,Sekitar 9.000 personel dikerahkan untuk mengamankan perayaan Nataru di Sumut. Ribuan personel ini merupakan gabungan dari TNI/Polri serta pemerintah setempat.
Dosen USU Jadi Panelis Debat Pertama Capres-Cawapres,11 nama akan menjadi panelis debat pertama capres dan cawapres. Salah satunya adalah Ahmad Taufan Damanik yang merupakan dosen USU.
"Terkenang Perjuangan 2019, Sandiaga Terharu Lihat Prabowo di Sumbar",Sandiaga Uno terkenang masa kampanye Pilpres 2019 saat melihat Prabowo kampenya di Sumbar.
Prabowo: Saya Ingin Menang dengan Kehormatan Seperti Kesatria,Capres nomor urut 2 Prabowo Subianto mengungkap keinginannya untuk menang pilpres tanpa kecurangan. Ia pun mengaku tengah diserang dan difitnah.
"Pimpinan KPU Dilaporkan soal Dugaan Data Pemilih Bocor, DKPP Buka Suara","DKPP akan menindaklanjuti laporan PP KAMMI terhadap pimpinan KPU RI, terkait dugaan 204 data pemilih yang bocor."
"Sandiaga Yakin Bisa Menangkan Ganjar-Mahfud di Sumbar, Ini Strateginya","Ketua Bappilu PPP, Sandiaga Salahuddin Uno yakin bisa memenangkan Ganjar-Mahfud di Sumatera Barat. Ini strategi yang dijalankan PPP."
"Profil Rudi Rohi, Salah Satu Panelis Debat Capres-Cawapres dari Undana",Ada 11 panelis untuk debat capres-cawapres 2024 besok. Salah satunya ahli politik dari Universitas Nusa Cendana (Undana) yakni Rudi Rohi. Berikut profilnya.
"PDIP Sindir Elektabilitas Prabowo-Gibran Hanya 39,3%, Padahal Sudah 'Rekayasa' MK","Sekjen PDIP Hasto Kristiyanto menyindir elektabilitas Prabowo-Gibran hanya 39,3%. Padahal sudah melakukan berbagai upaya selama menghadapi Pemilu 2024."
"PPP Tak Lolos ke Parlemen Versi Survei, Muzihir: Salah Kaprah",Hasil sejumlah survei menyebut PPP tak lolos parliamentary threshold (PT). PPP menyebut hasil survei itu salah kaprah.
"Pendaftaran KPPS Dibuka Hari Ini, KPU Karangasem Rekrut 11 Ribu Anggota","Pendaftaran KPPS resmi dibuka hari ini, Senin (11/12/2023). KPU Karangasem akan merekrut sebanyak 11.739 orang anggota KPPS."
"Hasil Survei Kalah dari AMIN, Ganjar Santai","Ganjar Pranowo merespons santai hasil survei Litbang Kompas, di mana elektabilitas mereka disalip pasangan Anies-Cak Imin (AMIN). Begini katanya."
"Hasil Survei Litbang Kompas Terbaru: Prabowo Unggul, Anies Salip Ganjar","Hasil survei Litbang Kompas terbaru menunjukkan Prabowo-Gibran mendapatkan 39,3% suara. Elektabilitas Anies-Cak Imin mulai menyalip Ganjar Pranowo-Mahfud Md."
"Curhat Zulhas 10 Tahun Dukung Prabowo Selalu Kalah, Kini Yakin Menang","Zulkifli Hasan curhat sudah 10 tahun mendukung Prabowo Subianto, tetapi selalu kalah pada Pilpres 2014 dan 2019."
Zulhas Sebut Gibran Siap Debat: Jangan Meremehkan,"Zulkifli Hasan meminta jangan meremehkan kemampuan Gibran dalam berdebat. Dia menyebut, Gibran bersama capres Prabowo siap mengikuti debat KPU."
Zulhas Ungkap 2 Kali Dukung Prabowo Kalah Terus: Sekarang Jokowi Sama Kita,Pada Pilpres 2024 Zulhas yakin Prabowo menang karena mendapat dukungan Jokowi.
Lihat Lagi Nasihat Lengkap Ustaz Abu Bakar Ba'asyir untuk 3 Capres-Cawapres,Ustaz Abu Bakar Ba'asyir menyampaikan nasihat kepada tiga pasang capres 2024. Isinya terkait kepemimpinan dengan hukum Islam.
Rangkaian Acara Puncak Milad ke-111 Muhammadiyah,Puncak Milad ke-111 Muhammadiyah akan berlangsung pada 18 November 2023. Ada tiga acara pokok yang mengisi rangkaian Milad.
"Milad ke-111, Muhammadiyah Bakal Luncurkan Gerakan Infak Pendidikan",Puncak Milad ke-111 Muhammadiyah akan berlangsung pada 18 November 2023. Rangkain acara ditandai dengan pencanangan gerakan infak pendidikan.
"Jelang Pilpres 2024, Ini Imbauan Gus Yahya untuk Masyarakat dan Warga NU",Gus Yahya mengimbau masyarakat untuk menyikapi Pemilu 2024 secara rasional. Pernyataan disampaikan selepas acara Jalan Santai di Surabaya hari ini.
"Kerjasama KPU-PBNU, Targetkan Sosialisasi Pemilu 2024 hingga ke Tingkat Desa","Demi memberikan pendidikan pemilih di pemilu 2024, KPU menjalin kerja sama dengan PBNU untuk mensosialisasikannya ke masyarakat."
Begini Sikap PP Muhammadiyah Terhadap Anggotanya yang Jadi Caleg,Sekretaris Umum PP Muhammadiyah Abdul Mu'ti menyampaikan terkait kelonggaran yang diberikan bagi anggota atau pimpinan Muhammadiyah yang menjadi caleg.
"Jelang Pemilu 2024, Menag Akan Batasi Kampanye Elektoral di Ponpes",Menag akan menetapkan aturan yang membatasi kampanye politik bersifat elektoral di Pondok Pesantren dan sejenisnya.
Begini Pernyataan Lengkap Menag Yaqut yang Dipersoalkan PKB,"Pernyataan Menag tentang adanya figur capres dengan rekam jejak politisasi agama menuai respons. Hal itu disampaikan dalam sambutannya pada acara di Solo, Jumat"
"PKB Akan Disiplinkan Menag Yaqut, GP Ansor Membela",GP Ansor menanggapi PKB yang akan mendisiplinkan Menag Yaqut atas pernyataannya yang singgung politik identitas.
"Airlangga Hartarto: Prabowo-Gibran Nomor 1, Masa Partainya Nggak Ikut?",Ketum Partai Golkar Airlangga Hartarto memaparkan elektabilitas Prabowo-Gibran nomor satu di Lampung. Untuk itu dia meminta Golkar juga bisa jadi nomor satu.
"Pendaftaran KPPS Pemilu 2024 Dibuka: Ini Syarat, Tata Cara dan Gajinya","Pendaftaran petugas KPPS Pemilu 2024 mulai dibuka hari ini, Senin, 11 Desember 2023. Sebelum daftar, simak dulu syarat dan tata cara mendaftarnya."
Jurus KPU Kejar Target Partisipasi Pemilih di Palembang 86 Persen,KPU Kota Palembang menargetkan tingkat partisipasi masyarakat dalam Pemilu 2024 naik menjadi 86 persen. KPU mengoptimalkan partisipasi pemilih pemula.
"Pesan Agus Fatoni untuk Pj Bupati Lahat: Tak Boleh Lagi Belajar, Langsung Bekerja",Pj Gubernur Sumsel Agus Fatoni melantik Muhammad Farid sebagai Pj Bupati Lahat pada Sabtu (9/12). Berikut sejumlah pesan yang disampaikannya.
"Muhammad Farid, Mantan Camat 14 Ulu Palembang Kini Jadi Pj Bupati Lahat","Muhammad Farid dilantik menjadi Penjabat Bupati Lahat oleh Pj Gubernur Sumsel, Sabtu (9/12/2023)."
Pj Gubernur Agus Fatoni Minta Masyarakat Hindari Penyebaran Berita Hoaks,Pejabat (Pj) Gubernur Sumatera Selatan (Sumsel) Agus Fatoni meminta kepada masyarakat untuk menghindari penyebaran berita hoaks terkait Pemilu 2024.
"Langgar Titik Kampanye, Poster Caleg Eks Wagub Sumsel Diturunkan",Bawaslu Palembang mencopot poster caleg di pagar sekolah karena berada di tempat yang dilarang. Poster tersebut milik mantan Wagub Sumsel Ishak Mekki.
Poster Caleg Masih Terpasang di Pagar Sekolah Palembang,Sejumlah poster caleg kembali terpasang di pagar SLB Karya Ibu di Jalan Sosial Palembang. Padahal sebelumnya poster-poster itu sudah ditertibkan.
"Langgar Aturan, Ratusan APK di Jalan Gubernur Bastari Ditertibkan",Satpol PP Palembang menertibkan alat peraga kampanye di lokasi yang tidak diperbolehkan. Penertiban kali ini dilakukan di sepanjang Jalan Gubernur H Bastari.
Jurus Pengembang Tangkap Peluang Pasar Properti di Tahun Politik,"Pengembang tak tinggal diam agar peluang yang ada bisa ditangkap. Contohnya saja seperti yang dilakukan raksasa properti, Agung Sedayu Group dan Salim Group."
"Punya KPR Eh Bunga Acuan Naik, Kamu Bisa Apa?","""Bagi yang sedang menjalani cicilan KPR dan dirasa mulai berat karena bunga floating, bisa memanfaatkan program Pindah KPR"""
Meramal Laju Pasar Properti di Tahun Politik 2024,"Tahun politik 2024 tidak hanya akan memengaruhi sektor politik itu sendiri, tetapi juga berdampak pada berbagai sektor, termasuk pasar properti di Indonesia."
"Pemerintah Gratiskan Pajak untuk Rumah di Bawah Rp 2 M, Pengembang Semringah",Kebijakan Insentif PPN 11% ditanggung pemerintah (PPN DTP) untuk pembelian rumah di bawah Rp 2 miliar resmi diberlakukan.
"Capres-Cawapres 2024 Usung Program Perumahan, Pengamat: Patut Diapresiasi",Pengamat Properti apresiasi ketiga Capres-Cawapres masukkan perumahan menjadi salah satu program prioritas yang akan diusung pada pemerintahan mendatang.
"Berkat Insentif Pajak Ini, Sektor Properti Diramal Tetap Bisa Menggeliat di Tahun Politik",Pemberian insentif pajak Pertambahan Nilai ditanggung pemerintah (PPN DTP) untuk pembelian rumah hingga Rp 5 M dinilai membuat sektor properti tetap menggeliat.
Mengenal Sosok di Balik Plaza Indonesia,"Siapa tak kenal Plaza Indonesia, sebuah pusat perbelanjaan luxury di lokasi premium Jakarta. Siapa sosok di baliknya?"
"Jemaah Umrah Naik, Permintaan Kamar Hotel Melonjak 301%",Jemaah umrah asal Indonesia terus mengalami kenaikan. Hal ini dibuktikan dengan jumlah okupansi hotel untuk jemaah umrah RI yang melonjak berkali-kali lipat.
Bagaimana Potensi Pasar Apartemen di Tahun Politik?,"Memasuki tahun politik, penjualan hunian vertikal diperkirakan bertumbuh. Adapun, hingga kuartal-II 2023, pembeli apartemen didominasi end-user."
"Buka Pendaftaran KPPS Pemilu 2024, KPU DIY Utamakan Anak Muda",Ketua KPU DIY Ahmad Shidqi menjelaskan di DIY membutuhkan sebanyak 83.524 orang anggota KPPS.
"BIN Ungkap Kerawanan Pemilu 2024 di DIY Kategori Sedang, Ini Analisisnya","""Berdasarkan Indeks Kerawanan Pemilu, DIY masuk dalam kategori rawan sedang,"" ujar Kepala BINDA DIY Brigjen TNI Rachmad Pudji Susetyo.."
"Jelang Pemilu 2024, Intip Gaji Pimpinan dan Anggota DPRD DIY","Ternyata, gaji mereka ada yang setara dengan Gubernur DIY lho. Intip yuk besarannya."
"Disalip AMIN di Survei Litbang Kompas, Ganjar Tak Kecil Hati","""...Karena waktu masih ada dan konsolidasi sekarang sedang dilakukan. Jadi kita tidak berkecil hati...,"" kata Ganjar merespons elektabilitasnya disalip AMIN."
46 Istilah dalam Pemilu 2024 yang Wajib Diketahui Masyarakat,"Dalam penyelenggaraan Pemilu 2024, terdapat sejumlah istilah yang digunakan untuk menyebut komponen tertentu yang berkaitan dengan pesta demokrasi tersebut."
"Daftar Nama Panelis Debat Pertama Pilpres 2024, Ada dari UGM dan UIN SUKA",KPU telah merilis 11 nama panelis untuk debat pertama calon presiden dan wakil presiden yang dilaksanakan besok. Siapa saja mereka? Simak daftarnya berikut ini.
Ragam Respons di Balik 'Kritik' Nominasi Jokowi Alumnus Memalukan,Nominasi Jokowi alumnus memalukan dari BEM KM UGM mendapat beragam respons dari pihak kampus hingga istana. Simak selengkapnya di sini.
Sudah Dibuka! Ini Dokumen Persyaratan KPPS Pemilu 2024,Jadwal pendaftaran KPPS Pemilu 2024 dibuka pada 11-20 Desember 2023. Berikut dokumen-dokumen persyaratan yang diperlukan untuk pendaftaran petugas KPPS.
Pendaftaran Petugas KPPS Pemilu 2024 Dibuka Besok! Ini Syarat-Tata Caranya,Salah satu petugas yang berperan penting dalam Pemilu 2024 adalah KPPS. Berikut tata cara mendaftarnya yang pendaftarannya dibuka besok.
